rmw,condition,rtt_p95_ms,transport_loss,mission_time_s,mission_completed,coverage_end
cyclonedds,loss_20,1773.9662,0.093,147.57142857142858,7/10,1.0
cyclonedds,loss_25,2115.4961,0.236,142.91666666666666,6/10,1.0
cyclonedds,loss_30,2345.105,0.411,134.5,8/10,1.0
zenoh,loss_20,1489.7266000000002,0.158,132.38888888888889,9/10,1.0
zenoh,loss_25,3495.6459999999997,0.312,139.61111111111111,9/10,1.0
zenoh,loss_30,5104.343666666667,0.523,136.0,4/10,1.0
